,time_period,rainfall,mean_temperature,location,disease_cases
158,2014-03,293.87,24.65,Acre,203.0
159,2014-04,223.282,24.69,Acre,293.0
160,2014-05,132.623,24.0,Acre,439.0
161,2014-06,72.219,23.89,Acre,428.0
162,2014-07,53.068,23.62,Acre,609.0
163,2014-08,85.662,24.84,Acre,1679.0
164,2014-09,124.432,25.99,Acre,7091.0
165,2014-10,206.418,25.53,Acre,8059.0
166,2014-11,283.96,24.99,Acre,5626.0
167,2014-12,277.762,25.0,Acre,3767.0
168,2015-01,336.277,24.28,Acre,2334.0
169,2015-02,287.955,24.97,Acre,1452.0
170,2015-03,333.485,24.76,Acre,929.0
171,2015-04,267.523,24.58,Acre,342.0
172,2015-05,187.802,24.09,Acre,245.0
173,2015-06,69.643,24.19,Acre,224.0
174,2015-07,52.826,24.4,Acre,114.0
175,2015-08,64.388,26.55,Acre,55.0
176,2015-09,82.956,26.91,Acre,71.0
177,2015-10,130.737,26.94,Acre,80.0
178,2015-11,212.699,26.1,Acre,88.0
179,2015-12,204.918,25.92,Acre,162.0
180,2016-01,212.224,26.35,Acre,270.0
181,2016-02,269.139,25.73,Acre,445.0
182,2016-03,273.161,25.55,Acre,354.0
183,2016-04,163.655,25.29,Acre,244.0
184,2016-05,103.626,24.58,Acre,115.0
185,2016-06,41.121,23.98,Acre,70.0
186,2016-07,20.072,25.62,Acre,68.0
187,2016-08,76.28,26.35,Acre,46.0
188,2016-09,143.498,25.6,Acre,43.0
189,2016-10,186.362,25.68,Acre,42.0
190,2016-11,205.542,25.47,Acre,65.0
191,2016-12,247.881,25.39,Acre,103.0
192,2017-01,386.534,24.44,Acre,253.0
193,2017-02,271.348,24.89,Acre,251.0
194,2017-03,301.901,24.82,Acre,212.0
195,2017-04,202.661,24.88,Acre,162.0
196,2017-05,149.251,24.93,Acre,90.0
197,2017-06,57.723,23.92,Acre,65.0
356,2014-03,58.821,26.07,Alagoas,1090.0
357,2014-04,88.865,25.85,Alagoas,1569.0
358,2014-05,100.133,24.2,Alagoas,1941.0
359,2014-06,80.363,23.29,Alagoas,1350.0
360,2014-07,84.025,22.64,Alagoas,1316.0
361,2014-08,66.229,22.3,Alagoas,872.0
362,2014-09,57.834,23.4,Alagoas,598.0
363,2014-10,81.359,23.96,Alagoas,504.0
364,2014-11,95.728,25.24,Alagoas,392.0
365,2014-12,36.89,25.42,Alagoas,389.0
366,2015-01,30.252,26.09,Alagoas,1203.0
367,2015-02,62.402,26.15,Alagoas,1648.0
368,2015-03,48.123,26.36,Alagoas,4943.0
369,2015-04,26.921,26.85,Alagoas,6032.0
370,2015-05,59.344,25.39,Alagoas,4604.0
371,2015-06,91.233,23.66,Alagoas,2817.0
372,2015-07,94.195,22.84,Alagoas,1990.0
373,2015-08,52.979,22.74,Alagoas,1465.0
374,2015-09,28.287,24.22,Alagoas,1780.0
375,2015-10,21.944,25.24,Alagoas,2611.0
376,2015-11,10.556,26.83,Alagoas,4515.0
377,2015-12,27.721,26.66,Alagoas,6903.0
378,2016-01,88.629,26.45,Alagoas,12829.0
379,2016-02,42.645,26.32,Alagoas,10428.0
380,2016-03,51.253,26.73,Alagoas,8636.0
381,2016-04,51.151,25.99,Alagoas,5084.0
382,2016-05,74.278,24.7,Alagoas,1905.0
383,2016-06,60.298,23.88,Alagoas,1060.0
384,2016-07,58.944,22.82,Alagoas,745.0
385,2016-08,30.864,23.31,Alagoas,631.0
386,2016-09,33.071,24.17,Alagoas,421.0
387,2016-10,26.022,25.7,Alagoas,245.0
388,2016-11,19.753,26.39,Alagoas,176.0
389,2016-12,25.775,26.82,Alagoas,212.0
390,2017-01,30.621,26.55,Alagoas,193.0
391,2017-02,27.508,26.81,Alagoas,228.0
392,2017-03,44.26,26.97,Alagoas,293.0
393,2017-04,74.839,26.02,Alagoas,292.0
394,2017-05,155.31,24.72,Alagoas,489.0
395,2017-06,140.805,23.25,Alagoas,500.0
554,2014-03,275.425,24.63,Amapa,40.0
555,2014-04,158.178,24.87,Amapa,224.0
556,2014-05,58.716,24.62,Amapa,505.0
557,2014-06,5.799,24.93,Amapa,231.0
558,2014-07,12.423,25.01,Amapa,105.0
559,2014-08,3.846,26.94,Amapa,48.0
560,2014-09,46.823,27.93,Amapa,117.0
561,2014-10,140.628,27.34,Amapa,443.0
562,2014-11,237.816,25.43,Amapa,310.0
563,2014-12,313.972,24.8,Amapa,112.0
564,2015-01,198.703,25.57,Amapa,350.0
565,2015-02,263.412,24.94,Amapa,505.0
566,2015-03,265.657,24.84,Amapa,866.0
567,2015-04,197.654,24.96,Amapa,456.0
568,2015-05,103.613,24.46,Amapa,365.0
569,2015-06,3.946,25.11,Amapa,199.0
570,2015-07,14.57,25.37,Amapa,171.0
571,2015-08,7.73,27.5,Amapa,142.0
572,2015-09,23.999,29.15,Amapa,138.0
573,2015-10,101.113,28.22,Amapa,78.0
574,2015-11,154.486,26.92,Amapa,149.0
575,2015-12,179.557,26.89,Amapa,74.0
576,2016-01,395.876,25.31,Amapa,105.0
577,2016-02,174.746,26.58,Amapa,282.0
578,2016-03,287.684,25.67,Amapa,422.0
579,2016-04,75.459,26.3,Amapa,321.0
580,2016-05,30.823,26.0,Amapa,208.0
581,2016-06,16.304,24.79,Amapa,86.0
582,2016-07,0.169,25.81,Amapa,72.0
583,2016-08,26.449,26.97,Amapa,102.0
584,2016-09,84.974,26.68,Amapa,92.0
585,2016-10,154.423,26.51,Amapa,92.0
586,2016-11,235.95,25.74,Amapa,62.0
587,2016-12,294.619,25.32,Amapa,45.0
588,2017-01,264.577,25.4,Amapa,103.0
589,2017-02,314.046,24.77,Amapa,183.0
590,2017-03,231.679,25.42,Amapa,196.0
591,2017-04,142.662,25.36,Amapa,80.0
592,2017-05,50.838,25.68,Amapa,107.0
593,2017-06,8.182,24.67,Amapa,59.0
752,2014-03,119.339,23.39,Amazonas,436.0
753,2014-04,64.242,22.69,Amazonas,499.0
754,2014-05,12.615,21.11,Amazonas,220.0
755,2014-06,12.618,20.23,Amazonas,158.0
756,2014-07,35.366,19.53,Amazonas,128.0
757,2014-08,6.685,20.65,Amazonas,134.0
758,2014-09,12.506,23.45,Amazonas,128.0
759,2014-10,73.762,24.08,Amazonas,82.0
760,2014-11,197.252,22.94,Amazonas,154.0
761,2014-12,153.039,23.14,Amazonas,171.0
762,2015-01,50.368,25.73,Amazonas,255.0
763,2015-02,165.328,23.9,Amazonas,238.0
764,2015-03,155.101,23.53,Amazonas,466.0
765,2015-04,69.185,22.71,Amazonas,428.0
766,2015-05,46.706,20.57,Amazonas,262.0
767,2015-06,15.698,20.03,Amazonas,155.0
768,2015-07,10.781,20.43,Amazonas,84.0
769,2015-08,8.067,21.14,Amazonas,66.0
770,2015-09,44.353,24.74,Amazonas,69.0
771,2015-10,44.704,26.18,Amazonas,71.0
772,2015-11,147.218,25.64,Amazonas,61.0
773,2015-12,137.238,25.4,Amazonas,68.0
774,2016-01,373.911,23.36,Amazonas,134.0
775,2016-02,71.936,25.09,Amazonas,357.0
776,2016-03,96.472,24.68,Amazonas,458.0
777,2016-04,25.371,24.58,Amazonas,519.0
778,2016-05,15.516,21.93,Amazonas,218.0
779,2016-06,27.827,19.99,Amazonas,148.0
780,2016-07,5.744,20.52,Amazonas,98.0
781,2016-08,13.05,21.8,Amazonas,78.0
782,2016-09,34.876,23.74,Amazonas,51.0
783,2016-10,94.906,23.9,Amazonas,35.0
784,2016-11,226.219,22.96,Amazonas,59.0
785,2016-12,182.89,23.75,Amazonas,73.0
786,2017-01,100.233,25.08,Amazonas,155.0
787,2017-02,142.527,23.73,Amazonas,227.0
788,2017-03,97.932,24.07,Amazonas,201.0
789,2017-04,34.531,23.05,Amazonas,143.0
790,2017-05,42.657,21.31,Amazonas,59.0
791,2017-06,9.978,20.38,Amazonas,50.0
950,2014-03,339.346,24.61,Bahia,1613.0
951,2014-04,295.909,24.81,Bahia,3094.0
952,2014-05,243.951,24.88,Bahia,2754.0
953,2014-06,97.945,25.54,Bahia,1566.0
954,2014-07,48.49,26.1,Bahia,1010.0
955,2014-08,29.681,27.16,Bahia,715.0
956,2014-09,27.949,27.78,Bahia,671.0
957,2014-10,101.008,27.3,Bahia,659.0
958,2014-11,120.361,26.97,Bahia,516.0
959,2014-12,160.475,26.43,Bahia,516.0
960,2015-01,225.847,25.27,Bahia,996.0
961,2015-02,260.531,24.91,Bahia,2763.0
962,2015-03,363.386,24.62,Bahia,10427.0
963,2015-04,259.809,24.9,Bahia,11214.0
964,2015-05,201.613,24.99,Bahia,9143.0
965,2015-06,80.263,25.58,Bahia,5726.0
966,2015-07,71.438,25.97,Bahia,4973.0
967,2015-08,17.058,27.68,Bahia,3070.0
968,2015-09,7.499,28.98,Bahia,2406.0
969,2015-10,40.756,29.11,Bahia,1714.0
970,2015-11,60.188,28.24,Bahia,2783.0
971,2015-12,91.296,27.67,Bahia,4901.0
972,2016-01,224.258,26.31,Bahia,8131.0
973,2016-02,193.698,26.04,Bahia,22291.0
974,2016-03,382.475,25.5,Bahia,22865.0
975,2016-04,264.878,25.77,Bahia,10043.0
976,2016-05,171.926,25.85,Bahia,4197.0
977,2016-06,81.025,25.5,Bahia,1787.0
978,2016-07,47.797,26.62,Bahia,937.0
979,2016-08,37.299,27.83,Bahia,754.0
980,2016-09,125.084,26.95,Bahia,595.0
981,2016-10,116.055,27.15,Bahia,757.0
982,2016-11,130.076,27.07,Bahia,833.0
983,2016-12,279.455,25.8,Bahia,1187.0
984,2017-01,346.29,24.82,Bahia,1859.0
985,2017-02,376.525,24.55,Bahia,1588.0
986,2017-03,361.722,24.88,Bahia,1355.0
987,2017-04,316.033,25.08,Bahia,1402.0
988,2017-05,154.528,25.81,Bahia,1304.0
989,2017-06,78.128,26.04,Bahia,654.0
1148,2014-03,74.432,26.03,Ceara,1642.0
1149,2014-04,61.07,26.08,Ceara,2405.0
1150,2014-05,78.259,24.85,Ceara,3701.0
1151,2014-06,32.682,24.29,Ceara,3784.0
1152,2014-07,35.842,23.83,Ceara,3483.0
1153,2014-08,13.847,24.0,Ceara,2089.0
1154,2014-09,17.975,24.9,Ceara,1390.0
1155,2014-10,17.419,25.63,Ceara,928.0
1156,2014-11,22.479,26.11,Ceara,790.0
1157,2014-12,18.74,26.49,Ceara,1209.0
1158,2015-01,16.786,26.95,Ceara,1701.0
1159,2015-02,39.173,26.84,Ceara,2573.0
1160,2015-03,102.138,25.98,Ceara,6165.0
1161,2015-04,39.429,26.26,Ceara,10783.0
1162,2015-05,21.703,26.52,Ceara,17255.0
1163,2015-06,33.074,24.66,Ceara,13234.0
1164,2015-07,41.478,23.95,Ceara,6352.0
1165,2015-08,11.993,24.3,Ceara,3663.0
1166,2015-09,8.559,25.51,Ceara,1629.0
1167,2015-10,6.553,26.38,Ceara,754.0
1168,2015-11,4.692,27.1,Ceara,608.0
1169,2015-12,37.945,26.9,Ceara,850.0
1170,2016-01,158.574,25.51,Ceara,1654.0
1171,2016-02,52.982,26.11,Ceara,3778.0
1172,2016-03,61.497,27.1,Ceara,5717.0
1173,2016-04,44.207,26.28,Ceara,9742.0
1174,2016-05,67.177,25.61,Ceara,12049.0
1175,2016-06,17.691,25.03,Ceara,7793.0
1176,2016-07,11.239,24.47,Ceara,4827.0
1177,2016-08,8.259,24.83,Ceara,2985.0
1178,2016-09,7.712,25.8,Ceara,1425.0
1179,2016-10,7.168,26.7,Ceara,1099.0
1180,2016-11,7.058,27.19,Ceara,1751.0
1181,2016-12,17.378,27.29,Ceara,1168.0
1182,2017-01,27.932,27.32,Ceara,2013.0
1183,2017-02,63.939,26.84,Ceara,3907.0
1184,2017-03,85.884,26.33,Ceara,7302.0
1185,2017-04,61.695,26.48,Ceara,12624.0
1186,2017-05,74.28,25.7,Ceara,6982.0
1187,2017-06,51.802,24.51,Ceara,2882.0
1346,2014-03,177.135,21.67,DistritoFederal,1315.0
1347,2014-04,102.708,20.28,DistritoFederal,2469.0
1348,2014-05,125.394,17.35,DistritoFederal,3311.0
1349,2014-06,186.667,16.65,DistritoFederal,2093.0
1350,2014-07,81.451,15.5,DistritoFederal,1449.0
1351,2014-08,51.649,17.59,DistritoFederal,378.0
1352,2014-09,219.943,19.88,DistritoFederal,149.0
1353,2014-10,45.205,22.26,DistritoFederal,37.0
1354,2014-11,163.249,21.74,DistritoFederal,67.0
1355,2014-12,194.859,22.66,DistritoFederal,105.0
1356,2015-01,181.28,24.11,DistritoFederal,302.0
1357,2015-02,201.945,22.66,DistritoFederal,612.0
1358,2015-03,174.273,21.74,DistritoFederal,1039.0
1359,2015-04,85.956,20.12,DistritoFederal,2329.0
1360,2015-05,125.208,17.54,DistritoFederal,2522.0
1361,2015-06,78.417,16.64,DistritoFederal,1674.0
1362,2015-07,261.377,16.29,DistritoFederal,570.0
1363,2015-08,43.427,19.24,DistritoFederal,239.0
1364,2015-09,209.364,20.3,DistritoFederal,107.0
1365,2015-10,198.964,21.81,DistritoFederal,141.0
1366,2015-11,307.504,21.63,DistritoFederal,254.0
1367,2015-12,305.78,22.79,DistritoFederal,463.0
1368,2016-01,203.241,23.35,DistritoFederal,1791.0
1369,2016-02,283.262,23.49,DistritoFederal,4742.0
1370,2016-03,133.993,21.56,DistritoFederal,5670.0
1371,2016-04,68.45,22.51,DistritoFederal,3427.0
1372,2016-05,205.114,16.13,DistritoFederal,2027.0
1373,2016-06,98.695,13.27,DistritoFederal,951.0
1374,2016-07,54.037,15.51,DistritoFederal,378.0
1375,2016-08,165.792,16.84,DistritoFederal,169.0
1376,2016-09,60.984,17.3,DistritoFederal,105.0
1377,2016-10,159.003,20.08,DistritoFederal,90.0
1378,2016-11,94.06,21.52,DistritoFederal,97.0
1379,2016-12,204.545,22.55,DistritoFederal,144.0
1380,2017-01,208.773,23.41,DistritoFederal,177.0
1381,2017-02,139.674,23.78,DistritoFederal,256.0
1382,2017-03,125.277,22.25,DistritoFederal,557.0
1383,2017-04,115.188,19.73,DistritoFederal,620.0
1384,2017-05,186.42,18.66,DistritoFederal,919.0
1385,2017-06,113.992,15.95,DistritoFederal,792.0
1544,2014-03,58.913,25.74,EspiritoSanto,2243.0
1545,2014-04,78.338,25.28,EspiritoSanto,2515.0
1546,2014-05,64.761,23.88,EspiritoSanto,2525.0
1547,2014-06,34.271,23.24,EspiritoSanto,2034.0
1548,2014-07,31.724,22.58,EspiritoSanto,1407.0
1549,2014-08,21.249,22.55,EspiritoSanto,945.0
1550,2014-09,20.626,24.17,EspiritoSanto,844.0
1551,2014-10,23.469,24.85,EspiritoSanto,577.0
1552,2014-11,50.899,25.69,EspiritoSanto,625.0
1553,2014-12,28.731,25.9,EspiritoSanto,658.0
1554,2015-01,19.732,26.65,EspiritoSanto,1097.0
1555,2015-02,60.739,26.11,EspiritoSanto,646.0
1556,2015-03,77.656,25.97,EspiritoSanto,1269.0
1557,2015-04,32.006,26.32,EspiritoSanto,2334.0
1558,2015-05,32.991,25.35,EspiritoSanto,4146.0
1559,2015-06,37.317,23.55,EspiritoSanto,3690.0
1560,2015-07,49.156,22.79,EspiritoSanto,2992.0
1561,2015-08,17.133,23.11,EspiritoSanto,2614.0
1562,2015-09,9.463,25.04,EspiritoSanto,2603.0
1563,2015-10,8.263,26.13,EspiritoSanto,3598.0
1564,2015-11,4.937,27.63,EspiritoSanto,3994.0
1565,2015-12,24.471,27.21,EspiritoSanto,6679.0
1566,2016-01,178.818,25.17,EspiritoSanto,9814.0
1567,2016-02,39.78,25.83,EspiritoSanto,10671.0
1568,2016-03,61.251,26.74,EspiritoSanto,9875.0
1569,2016-04,32.546,25.98,EspiritoSanto,6448.0
1570,2016-05,58.091,24.83,EspiritoSanto,2222.0
1571,2016-06,20.256,23.88,EspiritoSanto,625.0
1572,2016-07,17.433,22.97,EspiritoSanto,401.0
1573,2016-08,10.64,23.6,EspiritoSanto,354.0
1574,2016-09,10.055,24.99,EspiritoSanto,337.0
1575,2016-10,9.404,26.46,EspiritoSanto,324.0
1576,2016-11,9.112,27.16,EspiritoSanto,508.0
1577,2016-12,24.23,27.11,EspiritoSanto,972.0
1578,2017-01,27.389,27.07,EspiritoSanto,1017.0
1579,2017-02,33.86,26.84,EspiritoSanto,746.0
1580,2017-03,68.133,26.74,EspiritoSanto,1321.0
1581,2017-04,51.738,25.76,EspiritoSanto,829.0
1582,2017-05,75.381,24.75,EspiritoSanto,788.0
1583,2017-06,52.54,23.05,EspiritoSanto,550.0
1742,2014-03,160.174,25.48,Goias,12545.0
1743,2014-04,138.97,25.48,Goias,16212.0
1744,2014-05,32.034,26.27,Goias,16586.0
1745,2014-06,2.422,27.05,Goias,9133.0
1746,2014-07,5.055,26.95,Goias,4165.0
1747,2014-08,0.338,27.49,Goias,2756.0
1748,2014-09,1.616,29.1,Goias,2234.0
1749,2014-10,10.79,29.48,Goias,2801.0
1750,2014-11,83.17,28.15,Goias,3304.0
1751,2014-12,73.957,27.62,Goias,4778.0
1752,2015-01,63.018,27.56,Goias,11807.0
1753,2015-02,177.385,26.22,Goias,19384.0
1754,2015-03,176.951,25.51,Goias,32274.0
1755,2015-04,93.843,25.82,Goias,29817.0
1756,2015-05,26.293,26.94,Goias,34411.0
1757,2015-06,7.675,26.98,Goias,18369.0
1758,2015-07,11.387,26.95,Goias,6156.0
1759,2015-08,0.148,27.83,Goias,3116.0
1760,2015-09,0.393,29.89,Goias,1842.0
1761,2015-10,11.107,30.6,Goias,2272.0
1762,2015-11,22.419,30.24,Goias,3715.0
1763,2015-12,25.851,30.12,Goias,7364.0
1764,2016-01,359.367,25.61,Goias,16346.0
1765,2016-02,69.799,26.8,Goias,30447.0
1766,2016-03,138.795,27.28,Goias,32763.0
1767,2016-04,48.621,27.99,Goias,22711.0
1768,2016-05,21.027,28.36,Goias,11271.0
1769,2016-06,3.818,27.56,Goias,4564.0
1770,2016-07,1.126,27.23,Goias,2060.0
1771,2016-08,0.37,28.41,Goias,1712.0
1772,2016-09,9.016,29.63,Goias,1675.0
1773,2016-10,25.499,29.91,Goias,2058.0
1774,2016-11,54.057,29.74,Goias,2656.0
1775,2016-12,92.061,28.09,Goias,3391.0
1776,2017-01,135.155,27.22,Goias,4838.0
1777,2017-02,234.681,25.63,Goias,6293.0
1778,2017-03,198.936,25.64,Goias,9668.0
1779,2017-04,103.977,26.35,Goias,9765.0
1780,2017-05,28.207,27.38,Goias,12352.0
1781,2017-06,2.516,27.04,Goias,8247.0
1940,2014-03,334.127,24.74,Maranhao,455.0
1941,2014-04,197.61,24.89,Maranhao,612.0
1942,2014-05,160.158,24.28,Maranhao,545.0
1943,2014-06,23.297,24.8,Maranhao,365.0
1944,2014-07,26.013,25.29,Maranhao,355.0
1945,2014-08,16.695,27.12,Maranhao,258.0
1946,2014-09,110.779,27.16,Maranhao,210.0
1947,2014-10,202.457,26.27,Maranhao,115.0
1948,2014-11,300.984,25.14,Maranhao,167.0
1949,2014-12,294.512,25.16,Maranhao,272.0
1950,2015-01,305.698,24.95,Maranhao,457.0
1951,2015-02,292.988,24.97,Maranhao,652.0
1952,2015-03,291.681,24.87,Maranhao,2364.0
1953,2015-04,233.424,24.95,Maranhao,2188.0
1954,2015-05,205.305,24.39,Maranhao,1684.0
1955,2015-06,23.29,25.07,Maranhao,1252.0
1956,2015-07,17.755,26.03,Maranhao,781.0
1957,2015-08,32.393,28.4,Maranhao,427.0
1958,2015-09,62.11,28.26,Maranhao,578.0
1959,2015-10,137.86,27.67,Maranhao,523.0
1960,2015-11,168.559,27.02,Maranhao,449.0
1961,2015-12,237.299,26.49,Maranhao,879.0
1962,2016-01,301.264,26.19,Maranhao,2754.0
1963,2016-02,318.448,25.89,Maranhao,6091.0
1964,2016-03,348.08,25.41,Maranhao,7894.0
1965,2016-04,149.354,25.55,Maranhao,6788.0
1966,2016-05,92.37,25.0,Maranhao,2743.0
1967,2016-06,24.206,24.73,Maranhao,1201.0
1968,2016-07,1.18,26.87,Maranhao,594.0
1969,2016-08,56.396,27.04,Maranhao,522.0
1970,2016-09,143.586,25.96,Maranhao,192.0
1971,2016-10,199.293,26.24,Maranhao,183.0
1972,2016-11,234.687,25.74,Maranhao,259.0
1973,2016-12,329.836,25.21,Maranhao,320.0
1974,2017-01,315.987,25.17,Maranhao,410.0
1975,2017-02,296.119,24.91,Maranhao,1606.0
1976,2017-03,268.818,25.25,Maranhao,1698.0
1977,2017-04,176.092,25.14,Maranhao,948.0
1978,2017-05,105.178,25.39,Maranhao,963.0
1979,2017-06,22.002,24.74,Maranhao,537.0
2138,2014-03,124.241,26.34,MatoGrosso,1146.0
2139,2014-04,268.81,25.44,MatoGrosso,1112.0
2140,2014-05,313.913,25.11,MatoGrosso,708.0
2141,2014-06,371.171,24.05,MatoGrosso,397.0
2142,2014-07,216.12,24.22,MatoGrosso,279.0
2143,2014-08,210.253,24.36,MatoGrosso,230.0
2144,2014-09,86.869,25.99,MatoGrosso,299.0
2145,2014-10,182.334,25.43,MatoGrosso,305.0
2146,2014-11,141.21,25.57,MatoGrosso,296.0
2147,2014-12,79.724,26.08,MatoGrosso,497.0
2148,2015-01,102.2,25.68,MatoGrosso,743.0
2149,2015-02,60.002,26.6,MatoGrosso,1025.0
2150,2015-03,144.416,26.05,MatoGrosso,1914.0
2151,2015-04,229.439,25.84,MatoGrosso,2875.0
2152,2015-05,316.909,24.78,MatoGrosso,3368.0
2153,2015-06,305.223,24.23,MatoGrosso,2196.0
2154,2015-07,222.317,24.37,MatoGrosso,1091.0
2155,2015-08,159.362,25.16,MatoGrosso,847.0
2156,2015-09,46.806,27.16,MatoGrosso,769.0
2157,2015-10,32.25,28.71,MatoGrosso,764.0
2158,2015-11,99.931,27.07,MatoGrosso,1369.0
2159,2015-12,45.932,27.31,MatoGrosso,3512.0
2160,2016-01,5.112,28.6,MatoGrosso,5649.0
2161,2016-02,80.829,27.29,MatoGrosso,6711.0
2162,2016-03,93.776,27.97,MatoGrosso,3850.0
2163,2016-04,345.582,25.79,MatoGrosso,1519.0
2164,2016-05,398.296,24.73,MatoGrosso,653.0
2165,2016-06,307.776,24.02,MatoGrosso,317.0
2166,2016-07,272.496,24.16,MatoGrosso,204.0
2167,2016-08,161.578,25.1,MatoGrosso,264.0
2168,2016-09,170.376,25.25,MatoGrosso,270.0
2169,2016-10,126.77,26.48,MatoGrosso,281.0
2170,2016-11,115.946,26.32,MatoGrosso,468.0
2171,2016-12,204.264,25.59,MatoGrosso,712.0
2172,2017-01,196.052,24.91,MatoGrosso,1045.0
2173,2017-02,157.62,24.98,MatoGrosso,1486.0
2174,2017-03,245.283,25.06,MatoGrosso,1903.0
2175,2017-04,230.127,25.3,MatoGrosso,1375.0
2176,2017-05,359.64,24.85,MatoGrosso,945.0
2177,2017-06,344.707,24.45,MatoGrosso,593.0
2336,2014-03,177.41,20.14,MinasGerais,10329.0
2337,2014-04,116.511,18.19,MinasGerais,15502.0
2338,2014-05,148.557,15.32,MinasGerais,10522.0
2339,2014-06,330.982,14.37,MinasGerais,4407.0
2340,2014-07,69.098,13.55,MinasGerais,1391.0
2341,2014-08,82.114,14.87,MinasGerais,628.0
2342,2014-09,230.545,17.06,MinasGerais,653.0
2343,2014-10,71.162,19.63,MinasGerais,740.0
2344,2014-11,125.76,19.93,MinasGerais,874.0
2345,2014-12,187.975,21.3,MinasGerais,1137.0
2346,2015-01,230.64,22.62,MinasGerais,4696.0
2347,2015-02,239.164,21.47,MinasGerais,8311.0
2348,2015-03,160.615,20.33,MinasGerais,26974.0
2349,2015-04,93.131,18.08,MinasGerais,57342.0
2350,2015-05,155.929,15.7,MinasGerais,57764.0
2351,2015-06,143.286,13.97,MinasGerais,18133.0
2352,2015-07,256.753,14.26,MinasGerais,4624.0
2353,2015-08,50.554,17.46,MinasGerais,1788.0
2354,2015-09,251.02,17.1,MinasGerais,1305.0
2355,2015-10,249.916,18.51,MinasGerais,1676.0
2356,2015-11,231.007,19.14,MinasGerais,4162.0
2357,2015-12,253.683,21.45,MinasGerais,14152.0
2358,2016-01,159.838,22.09,MinasGerais,52899.0
2359,2016-02,227.991,22.41,MinasGerais,130912.0
2360,2016-03,189.728,19.97,MinasGerais,164872.0
2361,2016-04,132.279,20.45,MinasGerais,125933.0
2362,2016-05,128.375,13.96,MinasGerais,45874.0
2363,2016-06,43.476,10.49,MinasGerais,8692.0
2364,2016-07,101.731,12.85,MinasGerais,1822.0
2365,2016-08,164.1,14.22,MinasGerais,1062.0
2366,2016-09,73.796,14.91,MinasGerais,833.0
2367,2016-10,198.34,17.31,MinasGerais,905.0
2368,2016-11,109.581,18.83,MinasGerais,1150.0
2369,2016-12,233.232,20.76,MinasGerais,1804.0
2370,2017-01,219.024,22.28,MinasGerais,3737.0
2371,2017-02,147.904,22.63,MinasGerais,4434.0
2372,2017-03,125.56,20.48,MinasGerais,5443.0
2373,2017-04,115.547,17.73,MinasGerais,3699.0
2374,2017-05,250.375,16.56,MinasGerais,3122.0
2375,2017-06,138.278,14.14,MinasGerais,1653.0
2534,2014-03,270.574,24.45,Para,676.0
2535,2014-04,301.903,24.67,Para,575.0
2536,2014-05,477.066,24.41,Para,419.0
2537,2014-06,232.316,24.65,Para,217.0
2538,2014-07,130.659,24.83,Para,198.0
2539,2014-08,64.086,25.86,Para,158.0
2540,2014-09,17.684,27.49,Para,196.0
2541,2014-10,18.557,28.29,Para,285.0
2542,2014-11,25.858,28.07,Para,223.0
2543,2014-12,100.321,26.47,Para,251.0
2544,2015-01,185.586,25.22,Para,303.0
2545,2015-02,318.031,24.61,Para,505.0
2546,2015-03,385.101,24.27,Para,1209.0
2547,2015-04,317.699,24.55,Para,916.0
2548,2015-05,364.765,24.59,Para,929.0
2549,2015-06,186.727,24.84,Para,625.0
2550,2015-07,114.238,25.17,Para,439.0
2551,2015-08,39.931,26.63,Para,541.0
2552,2015-09,8.071,28.22,Para,479.0
2553,2015-10,10.082,28.73,Para,435.0
2554,2015-11,19.835,28.46,Para,795.0
2555,2015-12,110.114,26.81,Para,1001.0
2556,2016-01,155.033,25.68,Para,1564.0
2557,2016-02,284.067,24.95,Para,2488.0
2558,2016-03,418.804,25.15,Para,2452.0
2559,2016-04,374.691,25.4,Para,1994.0
2560,2016-05,205.076,25.77,Para,1230.0
2561,2016-06,140.696,25.19,Para,492.0
2562,2016-07,137.744,25.3,Para,393.0
2563,2016-08,39.958,26.7,Para,334.0
2564,2016-09,51.31,27.37,Para,243.0
2565,2016-10,18.24,28.25,Para,257.0
2566,2016-11,24.771,28.24,Para,255.0
2567,2016-12,224.636,26.02,Para,406.0
2568,2017-01,368.583,24.32,Para,1605.0
2569,2017-02,345.472,24.34,Para,2125.0
2570,2017-03,430.044,24.32,Para,1558.0
2571,2017-04,427.196,24.89,Para,587.0
2572,2017-05,275.797,25.28,Para,452.0
2573,2017-06,227.882,24.94,Para,230.0
2732,2014-03,128.765,23.8,Paraiba,750.0
2733,2014-04,66.653,22.55,Paraiba,1456.0
2734,2014-05,45.04,20.15,Paraiba,1708.0
2735,2014-06,14.853,19.7,Paraiba,1110.0
2736,2014-07,63.506,18.52,Paraiba,858.0
2737,2014-08,17.89,20.59,Paraiba,513.0
2738,2014-09,78.322,23.14,Paraiba,461.0
2739,2014-10,43.971,24.38,Paraiba,410.0
2740,2014-11,200.285,23.19,Paraiba,369.0
2741,2014-12,206.448,23.82,Paraiba,373.0
2742,2015-01,129.07,26.06,Paraiba,990.0
2743,2015-02,218.506,24.04,Paraiba,2108.0
2744,2015-03,226.435,22.88,Paraiba,7962.0
2745,2015-04,64.629,22.1,Paraiba,8551.0
2746,2015-05,102.036,19.75,Paraiba,8224.0
2747,2015-06,32.058,19.1,Paraiba,4174.0
2748,2015-07,72.099,19.21,Paraiba,2304.0
2749,2015-08,18.457,21.17,Paraiba,1136.0
2750,2015-09,164.387,22.89,Paraiba,726.0
2751,2015-10,89.471,24.68,Paraiba,509.0
2752,2015-11,260.913,23.97,Paraiba,1869.0
2753,2015-12,251.27,24.39,Paraiba,4961.0
2754,2016-01,302.151,23.8,Paraiba,6484.0
2755,2016-02,221.1,24.84,Paraiba,9115.0
2756,2016-03,163.296,23.67,Paraiba,11957.0
2757,2016-04,29.158,24.28,Paraiba,8215.0
2758,2016-05,96.782,19.45,Paraiba,4866.0
2759,2016-06,107.765,16.71,Paraiba,2912.0
2760,2016-07,7.923,18.71,Paraiba,1364.0
2761,2016-08,67.682,20.12,Paraiba,436.0
2762,2016-09,40.478,20.95,Paraiba,271.0
2763,2016-10,125.79,22.78,Paraiba,377.0
2764,2016-11,118.493,23.27,Paraiba,213.0
2765,2016-12,157.643,24.5,Paraiba,134.0
2766,2017-01,301.285,24.36,Paraiba,183.0
2767,2017-02,108.616,25.0,Paraiba,309.0
2768,2017-03,137.575,23.76,Paraiba,633.0
2769,2017-04,96.779,22.12,Paraiba,436.0
2770,2017-05,106.764,20.64,Paraiba,564.0
2771,2017-06,31.0,18.6,Paraiba,516.0
2930,2014-03,54.156,26.33,Parana,5604.0
2931,2014-04,88.48,26.16,Parana,7324.0
2932,2014-05,80.735,24.59,Parana,5576.0
2933,2014-06,68.02,23.54,Parana,1740.0
2934,2014-07,92.578,22.9,Parana,1284.0
2935,2014-08,70.624,22.51,Parana,2111.0
2936,2014-09,39.857,23.62,Parana,7367.0
2937,2014-10,56.108,24.31,Parana,8426.0
2938,2014-11,68.235,25.5,Parana,5997.0
2939,2014-12,44.017,25.79,Parana,4302.0
2940,2015-01,30.803,26.4,Parana,3988.0
2941,2015-02,69.996,26.5,Parana,5221.0
2942,2015-03,41.373,26.72,Parana,13702.0
2943,2015-04,50.306,26.98,Parana,17696.0
2944,2015-05,96.727,25.24,Parana,9261.0
2945,2015-06,99.602,23.73,Parana,3614.0
2946,2015-07,81.205,23.1,Parana,1124.0
2947,2015-08,50.419,22.79,Parana,730.0
2948,2015-09,26.898,24.36,Parana,588.0
2949,2015-10,28.058,25.36,Parana,697.0
2950,2015-11,8.777,27.02,Parana,1327.0
2951,2015-12,22.179,26.97,Parana,3340.0
2952,2016-01,102.348,26.76,Parana,10867.0
2953,2016-02,42.695,26.72,Parana,19476.0
2954,2016-03,39.978,27.19,Parana,21287.0
2955,2016-04,34.857,26.49,Parana,15437.0
2956,2016-05,61.548,25.14,Parana,3283.0
2957,2016-06,71.088,24.1,Parana,682.0
2958,2016-07,49.688,23.18,Parana,469.0
2959,2016-08,36.772,23.51,Parana,266.0
2960,2016-09,40.83,24.23,Parana,206.0
2961,2016-10,26.346,25.92,Parana,304.0
2962,2016-11,23.331,26.55,Parana,447.0
2963,2016-12,27.849,27.02,Parana,471.0
2964,2017-01,21.943,26.93,Parana,496.0
2965,2017-02,31.164,27.01,Parana,590.0
2966,2017-03,38.956,27.11,Parana,558.0
2967,2017-04,76.956,26.23,Parana,519.0
2968,2017-05,114.03,24.93,Parana,632.0
2969,2017-06,119.908,23.51,Parana,234.0
3128,2014-03,282.264,25.19,Pernambuco,922.0
3129,2014-04,169.019,25.53,Pernambuco,1587.0
3130,2014-05,33.231,26.29,Pernambuco,2151.0
3131,2014-06,0.672,26.74,Pernambuco,1570.0
3132,2014-07,0.41,27.17,Pernambuco,1030.0
3133,2014-08,0.621,28.16,Pernambuco,555.0
3134,2014-09,16.305,29.12,Pernambuco,490.0
3135,2014-10,109.851,28.03,Pernambuco,484.0
3136,2014-11,185.681,26.36,Pernambuco,639.0
3137,2014-12,220.379,25.73,Pernambuco,802.0
3138,2015-01,173.899,26.04,Pernambuco,2231.0
3139,2015-02,256.271,25.28,Pernambuco,3592.0
3140,2015-03,245.385,25.39,Pernambuco,13915.0
3141,2015-04,185.646,25.47,Pernambuco,19326.0
3142,2015-05,58.671,26.03,Pernambuco,14645.0
3143,2015-06,0.806,26.78,Pernambuco,7998.0
3144,2015-07,2.66,27.18,Pernambuco,3945.0
3145,2015-08,0.639,28.05,Pernambuco,2483.0
3146,2015-09,4.269,30.15,Pernambuco,4064.0
3147,2015-10,67.357,29.82,Pernambuco,5008.0
3148,2015-11,132.15,27.69,Pernambuco,14226.0
3149,2015-12,120.451,27.9,Pernambuco,17332.0
3150,2016-01,469.563,25.26,Pernambuco,16058.0
3151,2016-02,87.839,27.46,Pernambuco,17581.0
3152,2016-03,219.229,26.79,Pernambuco,12875.0
3153,2016-04,73.959,27.5,Pernambuco,5753.0
3154,2016-05,15.374,28.01,Pernambuco,3293.0
3155,2016-06,15.754,27.14,Pernambuco,2036.0
3156,2016-07,0.152,27.52,Pernambuco,1255.0
3157,2016-08,0.778,29.12,Pernambuco,1182.0
3158,2016-09,54.873,29.56,Pernambuco,773.0
3159,2016-10,113.506,28.16,Pernambuco,601.0
3160,2016-11,183.064,27.38,Pernambuco,545.0
3161,2016-12,200.304,26.49,Pernambuco,440.0
3162,2017-01,248.819,26.08,Pernambuco,466.0
3163,2017-02,383.832,25.08,Pernambuco,547.0
3164,2017-03,215.026,25.84,Pernambuco,826.0
3165,2017-04,148.28,26.27,Pernambuco,797.0
3166,2017-05,18.915,27.33,Pernambuco,1330.0
3167,2017-06,2.86,26.92,Pernambuco,1318.0
3326,2014-03,356.423,25.24,Piaui,392.0
3327,2014-04,341.364,25.17,Piaui,902.0
3328,2014-05,280.006,25.03,Piaui,1932.0
3329,2014-06,178.014,25.19,Piaui,1519.0
3330,2014-07,127.3,25.1,Piaui,1243.0
3331,2014-08,131.429,25.79,Piaui,465.0
3332,2014-09,116.325,26.7,Piaui,286.0
3333,2014-10,252.915,25.9,Piaui,191.0
3334,2014-11,256.644,25.87,Piaui,182.0
3335,2014-12,274.477,25.8,Piaui,139.0
3336,2015-01,356.986,24.96,Piaui,223.0
3337,2015-02,262.436,25.61,Piaui,376.0
3338,2015-03,386.625,25.2,Piaui,1776.0
3339,2015-04,318.482,25.33,Piaui,2652.0
3340,2015-05,309.467,25.02,Piaui,1918.0
3341,2015-06,177.779,25.16,Piaui,832.0
3342,2015-07,135.873,25.43,Piaui,327.0
3343,2015-08,95.867,26.98,Piaui,401.0
3344,2015-09,62.119,28.18,Piaui,291.0
3345,2015-10,141.208,27.79,Piaui,204.0
3346,2015-11,188.603,26.96,Piaui,267.0
3347,2015-12,228.63,26.67,Piaui,279.0
3348,2016-01,197.938,27.27,Piaui,413.0
3349,2016-02,287.676,26.29,Piaui,607.0
3350,2016-03,396.901,26.04,Piaui,809.0
3351,2016-04,298.264,25.84,Piaui,1688.0
3352,2016-05,263.842,25.51,Piaui,1089.0
3353,2016-06,165.536,24.99,Piaui,575.0
3354,2016-07,115.106,25.9,Piaui,258.0
3355,2016-08,110.217,26.9,Piaui,204.0
3356,2016-09,175.221,25.94,Piaui,120.0
3357,2016-10,184.624,26.64,Piaui,98.0
3358,2016-11,200.066,26.45,Piaui,90.0
3359,2016-12,334.096,25.51,Piaui,140.0
3360,2017-01,353.699,25.11,Piaui,350.0
3361,2017-02,301.536,25.35,Piaui,497.0
3362,2017-03,361.724,25.4,Piaui,1037.0
3363,2017-04,309.968,25.5,Piaui,1049.0
3364,2017-05,228.257,25.81,Piaui,1517.0
3365,2017-06,146.592,25.5,Piaui,1096.0
3524,2014-03,74.896,25.07,Rondonia,244.0
3525,2014-04,71.528,24.71,Rondonia,269.0
3526,2014-05,25.512,23.84,Rondonia,239.0
3527,2014-06,25.126,22.78,Rondonia,137.0
3528,2014-07,32.457,22.23,Rondonia,74.0
3529,2014-08,14.757,22.48,Rondonia,59.0
3530,2014-09,12.588,24.33,Rondonia,47.0
3531,2014-10,27.778,25.05,Rondonia,112.0
3532,2014-11,139.692,24.59,Rondonia,293.0
3533,2014-12,122.708,24.23,Rondonia,182.0
3534,2015-01,24.788,25.71,Rondonia,142.0
3535,2015-02,87.878,25.06,Rondonia,165.0
3536,2015-03,58.078,25.7,Rondonia,302.0
3537,2015-04,86.479,25.27,Rondonia,304.0
3538,2015-05,47.251,23.64,Rondonia,214.0
3539,2015-06,30.567,22.73,Rondonia,178.0
3540,2015-07,24.462,22.55,Rondonia,95.0
3541,2015-08,18.268,22.5,Rondonia,51.0
3542,2015-09,6.553,25.37,Rondonia,49.0
3543,2015-10,19.688,26.46,Rondonia,101.0
3544,2015-11,45.839,27.36,Rondonia,150.0
3545,2015-12,20.094,27.47,Rondonia,264.0
3546,2016-01,357.292,24.58,Rondonia,1024.0
3547,2016-02,23.35,25.72,Rondonia,1779.0
3548,2016-03,24.494,26.76,Rondonia,1539.0
3549,2016-04,13.273,26.27,Rondonia,808.0
3550,2016-05,18.915,24.9,Rondonia,275.0
3551,2016-06,20.37,23.58,Rondonia,102.0
3552,2016-07,18.897,22.56,Rondonia,108.0
3553,2016-08,17.612,23.52,Rondonia,29.0
3554,2016-09,30.313,24.52,Rondonia,38.0
3555,2016-10,48.461,25.62,Rondonia,41.0
3556,2016-11,96.988,25.48,Rondonia,97.0
3557,2016-12,64.752,25.86,Rondonia,255.0
3558,2017-01,27.757,26.67,Rondonia,404.0
3559,2017-02,85.502,25.51,Rondonia,450.0
3560,2017-03,71.987,26.05,Rondonia,386.0
3561,2017-04,54.695,25.07,Rondonia,123.0
3562,2017-05,31.716,24.31,Rondonia,65.0
3563,2017-06,21.461,23.06,Rondonia,48.0
3722,2014-03,143.82,25.7,Roraima,65.0
3723,2014-04,133.708,25.42,Roraima,73.0
3724,2014-05,88.998,25.45,Roraima,97.0
3725,2014-06,17.842,26.07,Roraima,133.0
3726,2014-07,11.688,26.37,Roraima,133.0
3727,2014-08,1.694,26.74,Roraima,146.0
3728,2014-09,5.17,27.31,Roraima,130.0
3729,2014-10,6.246,27.94,Roraima,96.0
3730,2014-11,15.237,27.64,Roraima,66.0
3731,2014-12,14.565,27.9,Roraima,99.0
3732,2015-01,32.387,27.58,Roraima,103.0
3733,2015-02,109.345,26.65,Roraima,94.0
3734,2015-03,207.797,25.44,Roraima,111.0
3735,2015-04,111.4,25.25,Roraima,113.0
3736,2015-05,33.572,26.74,Roraima,114.0
3737,2015-06,32.132,26.3,Roraima,145.0
3738,2015-07,41.072,25.79,Roraima,147.0
3739,2015-08,1.307,26.83,Roraima,186.0
3740,2015-09,3.189,27.5,Roraima,157.0
3741,2015-10,1.983,28.14,Roraima,42.0
3742,2015-11,3.244,28.25,Roraima,16.0
3743,2015-12,29.902,28.16,Roraima,34.0
3744,2016-01,215.97,25.87,Roraima,12.0
3745,2016-02,90.126,26.3,Roraima,40.0
3746,2016-03,123.773,27.16,Roraima,93.0
3747,2016-04,110.677,26.26,Roraima,28.0
3748,2016-05,56.37,26.76,Roraima,16.0
3749,2016-06,14.63,26.59,Roraima,10.0
3750,2016-07,3.715,26.77,Roraima,17.0
3751,2016-08,1.128,27.19,Roraima,35.0
3752,2016-09,2.16,27.9,Roraima,25.0
3753,2016-10,3.302,28.51,Roraima,20.0
3754,2016-11,3.949,28.75,Roraima,258.0
3755,2016-12,34.555,27.93,Roraima,227.0
3756,2017-01,85.166,27.2,Roraima,86.0
3757,2017-02,180.285,26.11,Roraima,125.0
3758,2017-03,224.722,25.19,Roraima,72.0
3759,2017-04,126.503,25.7,Roraima,48.0
3760,2017-05,74.36,26.06,Roraima,72.0
3761,2017-06,18.338,26.32,Roraima,73.0
3920,2014-03,263.178,21.52,SantaCatarina,287.0
3921,2014-04,95.54,21.85,SantaCatarina,862.0
3922,2014-05,5.711,21.08,SantaCatarina,767.0
3923,2014-06,4.847,20.35,SantaCatarina,477.0
3924,2014-07,2.2,20.23,SantaCatarina,101.0
3925,2014-08,0.174,21.8,SantaCatarina,28.0
3926,2014-09,13.239,24.67,SantaCatarina,27.0
3927,2014-10,79.947,24.88,SantaCatarina,39.0
3928,2014-11,218.111,22.43,SantaCatarina,31.0
3929,2014-12,270.903,21.6,SantaCatarina,50.0
3930,2015-01,57.487,24.11,SantaCatarina,399.0
3931,2015-02,180.73,22.33,SantaCatarina,2377.0
3932,2015-03,228.782,21.79,SantaCatarina,6958.0
3933,2015-04,165.536,21.72,SantaCatarina,5688.0
3934,2015-05,38.868,20.21,SantaCatarina,1899.0
3935,2015-06,1.975,20.09,SantaCatarina,520.0
3936,2015-07,1.178,20.73,SantaCatarina,184.0
3937,2015-08,0.102,21.98,SantaCatarina,96.0
3938,2015-09,24.728,25.45,SantaCatarina,93.0
3939,2015-10,73.388,26.49,SantaCatarina,105.0
3940,2015-11,195.375,24.31,SantaCatarina,277.0
3941,2015-12,103.74,24.26,SantaCatarina,754.0
3942,2016-01,413.155,21.83,SantaCatarina,1571.0
3943,2016-02,79.087,23.86,SantaCatarina,3147.0
3944,2016-03,152.655,23.23,SantaCatarina,3784.0
3945,2016-04,26.904,24.04,SantaCatarina,2105.0
3946,2016-05,5.84,22.49,SantaCatarina,570.0
3947,2016-06,1.637,21.28,SantaCatarina,89.0
3948,2016-07,0.123,21.77,SantaCatarina,51.0
3949,2016-08,10.089,22.86,SantaCatarina,22.0
3950,2016-09,54.828,24.78,SantaCatarina,27.0
3951,2016-10,89.095,24.34,SantaCatarina,42.0
3952,2016-11,251.36,22.48,SantaCatarina,57.0
3953,2016-12,169.712,23.02,SantaCatarina,69.0
3954,2017-01,106.698,23.7,SantaCatarina,67.0
3955,2017-02,260.11,22.15,SantaCatarina,56.0
3956,2017-03,104.767,23.17,SantaCatarina,87.0
3957,2017-04,23.05,22.88,SantaCatarina,62.0
3958,2017-05,29.407,21.78,SantaCatarina,60.0
3959,2017-06,0.902,20.72,SantaCatarina,26.0
4118,2014-03,109.604,24.42,SaoPaulo,29045.0
4119,2014-04,74.799,23.23,SaoPaulo,85036.0
4120,2014-05,29.159,21.86,SaoPaulo,62508.0
4121,2014-06,42.048,20.51,SaoPaulo,17675.0
4122,2014-07,55.969,19.72,SaoPaulo,5374.0
4123,2014-08,41.818,19.95,SaoPaulo,2120.0
4124,2014-09,16.61,21.84,SaoPaulo,1652.0
4125,2014-10,138.889,22.31,SaoPaulo,2010.0
4126,2014-11,157.967,22.86,SaoPaulo,2550.0
4127,2014-12,92.735,24.05,SaoPaulo,5082.0
4128,2015-01,12.463,26.05,SaoPaulo,34321.0
4129,2015-02,103.397,25.56,SaoPaulo,107470.0
4130,2015-03,103.591,24.92,SaoPaulo,243038.0
4131,2015-04,58.993,23.42,SaoPaulo,204298.0
4132,2015-05,63.59,21.44,SaoPaulo,100884.0
4133,2015-06,53.275,20.84,SaoPaulo,24731.0
4134,2015-07,25.307,20.61,SaoPaulo,5920.0
4135,2015-08,27.673,20.73,SaoPaulo,2751.0
4136,2015-09,26.688,23.63,SaoPaulo,1846.0
4137,2015-10,46.755,24.28,SaoPaulo,2069.0
4138,2015-11,108.872,25.72,SaoPaulo,3729.0
4139,2015-12,82.184,26.17,SaoPaulo,9672.0
4140,2016-01,247.358,25.19,SaoPaulo,31754.0
4141,2016-02,32.295,26.24,SaoPaulo,53618.0
4142,2016-03,55.789,25.86,SaoPaulo,58609.0
4143,2016-04,34.438,25.18,SaoPaulo,39616.0
4144,2016-05,29.45,22.58,SaoPaulo,15488.0
4145,2016-06,40.904,20.59,SaoPaulo,3149.0
4146,2016-07,23.941,20.44,SaoPaulo,1153.0
4147,2016-08,15.06,21.54,SaoPaulo,658.0
4148,2016-09,41.778,22.48,SaoPaulo,579.0
4149,2016-10,85.826,22.82,SaoPaulo,819.0
4150,2016-11,233.246,23.19,SaoPaulo,1239.0
4151,2016-12,149.453,24.65,SaoPaulo,1212.0
4152,2017-01,35.557,25.89,SaoPaulo,885.0
4153,2017-02,94.095,24.92,SaoPaulo,1167.0
4154,2017-03,81.229,25.1,SaoPaulo,1412.0
4155,2017-04,38.688,23.66,SaoPaulo,1067.0
4156,2017-05,69.942,21.64,SaoPaulo,946.0
4157,2017-06,34.976,21.11,SaoPaulo,556.0
4316,2014-03,237.2,23.72,Sergipe,134.0
4317,2014-04,102.473,23.85,Sergipe,274.0
4318,2014-05,6.107,23.16,Sergipe,614.0
4319,2014-06,3.375,22.9,Sergipe,390.0
4320,2014-07,19.644,22.7,Sergipe,294.0
4321,2014-08,0.122,24.51,Sergipe,144.0
4322,2014-09,19.915,27.2,Sergipe,136.0
4323,2014-10,80.165,27.27,Sergipe,116.0
4324,2014-11,221.767,24.52,Sergipe,106.0
4325,2014-12,261.284,23.64,Sergipe,167.0
4326,2015-01,88.786,25.78,Sergipe,342.0
4327,2015-02,217.743,24.24,Sergipe,375.0
4328,2015-03,244.383,23.67,Sergipe,1056.0
4329,2015-04,164.329,23.86,Sergipe,1120.0
4330,2015-05,48.245,22.69,Sergipe,805.0
4331,2015-06,2.168,22.8,Sergipe,342.0
4332,2015-07,6.815,23.23,Sergipe,191.0
4333,2015-08,3.405,24.63,Sergipe,634.0
4334,2015-09,20.642,27.72,Sergipe,1359.0
4335,2015-10,81.546,28.52,Sergipe,1177.0
4336,2015-11,176.915,26.16,Sergipe,1911.0
4337,2015-12,133.192,26.4,Sergipe,1030.0
4338,2016-01,493.914,23.67,Sergipe,480.0
4339,2016-02,112.362,25.73,Sergipe,1397.0
4340,2016-03,165.34,25.34,Sergipe,919.0
4341,2016-04,10.755,26.27,Sergipe,879.0
4342,2016-05,8.106,25.01,Sergipe,292.0
4343,2016-06,5.47,23.22,Sergipe,117.0
4344,2016-07,0.12,23.83,Sergipe,136.0
4345,2016-08,8.712,25.26,Sergipe,212.0
4346,2016-09,29.082,27.04,Sergipe,154.0
4347,2016-10,114.678,26.38,Sergipe,335.0
4348,2016-11,224.707,24.78,Sergipe,131.0
4349,2016-12,198.891,25.02,Sergipe,112.0
4350,2017-01,175.895,25.25,Sergipe,75.0
4351,2017-02,239.771,24.25,Sergipe,41.0
4352,2017-03,148.993,24.85,Sergipe,99.0
4353,2017-04,57.602,24.75,Sergipe,97.0
4354,2017-05,27.526,24.36,Sergipe,194.0
4355,2017-06,1.386,23.11,Sergipe,105.0
4514,2014-03,238.719,25.09,Tocantins,554.0
4515,2014-04,229.671,25.03,Tocantins,412.0
4516,2014-05,140.5,25.46,Tocantins,497.0
4517,2014-06,36.763,26.48,Tocantins,396.0
4518,2014-07,18.976,26.75,Tocantins,133.0
4519,2014-08,9.317,27.54,Tocantins,128.0
4520,2014-09,19.307,28.06,Tocantins,92.0
4521,2014-10,38.935,28.31,Tocantins,151.0
4522,2014-11,69.514,27.49,Tocantins,185.0
4523,2014-12,110.9,26.84,Tocantins,287.0
4524,2015-01,134.022,26.11,Tocantins,371.0
4525,2015-02,231.683,25.34,Tocantins,625.0
4526,2015-03,287.246,25.07,Tocantins,1439.0
4527,2015-04,182.446,25.23,Tocantins,1456.0
4528,2015-05,86.668,25.95,Tocantins,1293.0
4529,2015-06,37.327,26.43,Tocantins,866.0
4530,2015-07,22.268,26.97,Tocantins,547.0
4531,2015-08,4.823,27.82,Tocantins,418.0
4532,2015-09,5.817,28.84,Tocantins,196.0
4533,2015-10,16.309,29.54,Tocantins,225.0
4534,2015-11,20.812,28.92,Tocantins,465.0
4535,2015-12,65.152,28.64,Tocantins,1473.0
4536,2016-01,294.605,25.9,Tocantins,2244.0
4537,2016-02,143.991,26.45,Tocantins,2430.0
4538,2016-03,268.97,26.13,Tocantins,1531.0
4539,2016-04,149.845,26.58,Tocantins,1085.0
4540,2016-05,80.371,26.76,Tocantins,973.0
4541,2016-06,31.12,26.64,Tocantins,401.0
4542,2016-07,16.02,27.2,Tocantins,168.0
4543,2016-08,6.953,28.28,Tocantins,102.0
4544,2016-09,25.52,28.94,Tocantins,57.0
4545,2016-10,41.399,28.61,Tocantins,76.0
4546,2016-11,59.56,28.71,Tocantins,155.0
4547,2016-12,147.559,27.05,Tocantins,189.0
4548,2017-01,264.304,25.58,Tocantins,443.0
4549,2017-02,317.496,25.11,Tocantins,812.0
4550,2017-03,304.191,25.26,Tocantins,925.0
4551,2017-04,199.978,25.74,Tocantins,864.0
4552,2017-05,90.339,26.37,Tocantins,883.0
4553,2017-06,25.981,26.82,Tocantins,348.0
